ASP_improve_path_cost,ASP_improve_path_cost,Astar_path_cost,RRTStar_path_cost
23.18919411089734,0.0,0.0
98.89464877942441,0.0,0.0
159.58197026237295,0.0,0.0
49.99680800375206,0.0,0.0
130.13060761560487,0.0,0.0
149.747078354283,0.0,0.0
