start,goal,range,ASP_improve_time,Astar_time,RRTStar_time
"(0, 0)","(100, 80)",20,0.21375417709350586,0.04024696350097656,0.001399993896484375
"(0, 0)","(100, 80)",20,0.09539484977722168,0.0051975250244140625,0.0011086463928222656
"(0, 0)","(100, 80)",20,0.04018664360046387,0.014189720153808594,0.0018308162689208984
"(0, 0)","(100, 80)",20,0.08278679847717285,0.003786325454711914,0.000362396240234375
"(0, 0)","(100, 80)",20,0.0034825801849365234,0.002228975296020508,0.0006771087646484375
"(0, 0)","(100, 80)",20,0.007771015167236328,0.0012028217315673828,0.00031828880310058594
"(0, 0)","(100, 80)",20,0.000919342041015625,0.00034999847412109375,0.00013875961303710938
"(0, 0)","(100, 80)",20,0.16777825355529785,0.004639863967895508,0.0009894371032714844
"(0, 0)","(100, 80)",20,0.15767550468444824,0.008812904357910156,0.0014281272888183594
"(0, 0)","(100, 80)",20,0.0009381771087646484,0.0008034706115722656,0.00036978721618652344
"(0, 0)","(100, 80)",20,0.23867154121398926,0.01845574378967285,0.0016450881958007812
