ASP_path_cost,Astar_path_cost,RRTStar_path_cost
74.2323440389045,79.15432893255065,84.14823931304016
