start,goal,range,ASP_improve_time,Astar_time,RRTStar_time
"(0, 0)","(120, 160)",20,0.10587954521179199,0.02699732780456543,0.000888824462890625
"(0, 0)","(120, 160)",20,0.0028891563415527344,0.1184847354888916,0.0012180805206298828
"(0, 0)","(120, 160)",20,0.003144979476928711,0.0040073394775390625,0.0003428459167480469
"(0, 0)","(120, 160)",20,0.025710582733154297,0.02325725555419922,0.0007429122924804688
