start,goal,range,ASP_improve_time,Astar_time,RRTStar_time
"(0, 0)","(180, 40)",20,0.006776332855224609,0.009107828140258789,0.0007655620574951172
"(0, 0)","(180, 40)",20,0.180375337600708,0.12451004981994629,0.008031606674194336
