ASP_time,Astar_time,RRTStar_time
0.3459305763244629,0.031946420669555664,0.002685546875
