start,goal,range,ASP_improve_time,Astar_time,RRTStar_time
"(0, 0)","(160, 120)",20,0.24581193923950195,0.0013375282287597656,0.0009267330169677734
"(0, 0)","(160, 120)",20,0.001984834671020508,0.0006194114685058594,0.00026679039001464844
"(0, 0)","(160, 120)",20,0.000286102294921875,0.0034286975860595703,0.0011355876922607422
"(0, 0)","(160, 120)",20,0.00538182258605957,0.0005781650543212891,0.00013685226440429688
"(0, 0)","(160, 120)",20,0.017323732376098633,0.0062983036041259766,0.0005006790161132812
"(0, 0)","(160, 120)",20,0.22633576393127441,0.0881645679473877,0.0024480819702148438
"(0, 0)","(160, 120)",20,0.056684017181396484,0.003191232681274414,0.000986337661743164
"(0, 0)","(160, 120)",20,0.0004794597625732422,0.016098499298095703,0.000576019287109375
"(0, 0)","(160, 120)",20,0.042368412017822266,0.0014998912811279297,0.0014219284057617188
"(0, 0)","(160, 120)",20,0.21610379219055176,0.15250253677368164,0.0018429756164550781
"(0, 0)","(160, 120)",20,0.12082815170288086,0.13875293731689453,0.0017201900482177734
