start,goal,range,ASP_improve_time,Astar_time,RRTStar_time
"(0, 0)","(80, 100)",20,0.07260417938232422,0.023171424865722656,0.001657724380493164
