ASP_time,Astar_time,RRTStar_time
0.2200925350189209,0.03125190734863281,0.0011684894561767578
0.0,0.06259775161743164,0.0012907981872558594
0.0030078887939453125,0.0,0.0002193450927734375
0.03182578086853027,0.015627622604370117,0.0
