ASP_improve_time,ASP_improve_time,Astar_time,RRTStar_time
0.19817161560058594,0.0,0.0
0.2686169147491455,0.0,0.0
0.0001399517059326172,0.0,0.0
0.0006432533264160156,0.0,0.0
0.0013222694396972656,0.0,0.0
0.08799314498901367,0.0,0.0
