ASP_improve_path_cost,ASP_improve_path_cost,Astar_path_cost,RRTStar_path_cost
84.60213761432527,0.0,0.0
144.02182773757974,0.0,0.0
14.690225723872786,0.0,0.0
82.37062206839646,0.0,0.0
110.53598665257034,0.0,0.0
45.49717738398016,0.0,0.0
