start,goal,range,ASP_improve_time,Astar_time,RRTStar_time
"(0, 0)","(160, 80)",20,0.13765835762023926,0.059842586517333984,0.0009438991546630859
"(0, 0)","(160, 80)",20,0.03182530403137207,0.00468134880065918,0.000774383544921875
"(0, 0)","(160, 80)",20,0.10146141052246094,0.025988340377807617,0.0005545616149902344
