ASP_improve_time,ASP_improve_time,Astar_time,RRTStar_time
0.0020024776458740234,0.0,0.0
0.15870070457458496,0.0,0.0
