start,goal,range,ASP_improve_path_cost,Astar_path_cost,RRTStar_path_cost
"(0, 0)","(160, 120)",20,75.63477275871435,51.91168824543139,58.13172161792503
"(0, 0)","(160, 120)",20,25.88139772103436,11.485281374238571,11.989245153873417
"(0, 0)","(160, 120)",20,36.786468272702926,37.35533905932738,41.15848164035561
"(0, 0)","(160, 120)",20,8.157979105957144,8.82842712474619,11.59971732727689
"(0, 0)","(160, 120)",20,31.70961690052968,30.798989873223338,33.50966930248177
"(0, 0)","(160, 120)",20,94.59103259832118,95.36753236814704,121.01442370201342
"(0, 0)","(160, 120)",20,38.17658820852324,28.242640687119287,55.245959993021614
"(0, 0)","(160, 120)",20,56.32472055158041,54.89949493661167,59.05978897981055
"(0, 0)","(160, 120)",20,32.71190088735367,27.414213562373096,31.749952506143686
"(0, 0)","(160, 120)",20,174.44890252984789,168.39696961967007,192.61467964885819
"(0, 0)","(160, 120)",20,124.98184914377715,103.2253967444161,136.5160250106539
