ASP_path_cost,Astar_path_cost,RRTStar_path_cost
82.60157569707611,80.4680374315354,142.38271275924657
