ASP_improve_time,ASP_improve_time,Astar_time,RRTStar_time
0.18007683753967285,0.0,0.0
0.00018548965454101562,0.0,0.0
0.25315356254577637,0.0,0.0
0.09543085098266602,0.0,0.0
0.00014328956604003906,0.0,0.0
0.08531856536865234,0.0,0.0
