start,goal,range,ASP_improve_time,Astar_time,RRTStar_time
"(0, 0)","(20, 100)",20,0.13222432136535645,0.05548286437988281,0.0013000965118408203
