ASP_improve_time,ASP_improve_time,Astar_time,RRTStar_time
0.21825027465820312,0.0,0.0
0.20271539688110352,0.0,0.0
0.03529238700866699,0.0,0.0
0.013756036758422852,0.0,0.0
0.00011205673217773438,0.0,0.0
0.0018682479858398438,0.0,0.0
0.00010180473327636719,0.0,0.0
7.796287536621094e-05,0.0,0.0
0.0003581047058105469,0.0,0.0
0.0005474090576171875,0.0,0.0
0.0005199909210205078,0.0,0.0
0.0021851062774658203,0.0,0.0
0.0002689361572265625,0.0,0.0
0.0003223419189453125,0.0,0.0
0.0002598762512207031,0.0,0.0
0.0008666515350341797,0.0,0.0
0.00021409988403320312,0.0,0.0
0.0002071857452392578,0.0,0.0
0.0004146099090576172,0.0,0.0
