ASP_improve_time,ASP_improve_time,Astar_time,RRTStar_time
0.0025560855865478516,0.0,0.0
0.2864508628845215,0.0,0.0
