start,goal,range,ASP_improve_path_cost,Astar_path_cost,RRTStar_path_cost
"(0, 0)","(180, 40)",20,42.294819689297725,39.97056274847714,45.544373740447604
"(0, 0)","(180, 40)",20,122.52250954019604,118.39696961966993,137.84551626745798
