start,goal,range,ASP_improve_time,Astar_time,RRTStar_time
"(0, 0)","(160, 160)",20,0.16198086738586426,0.03154110908508301,0.0010488033294677734
"(0, 0)","(160, 160)",20,0.23372220993041992,0.12026000022888184,0.0010373592376708984
"(0, 0)","(160, 160)",20,0.008325576782226562,0.009294509887695312,0.0011060237884521484
"(0, 0)","(160, 160)",20,0.2845883369445801,0.13745474815368652,0.002973318099975586
"(0, 0)","(160, 160)",20,0.07383894920349121,0.03739571571350098,0.0013689994812011719
"(0, 0)","(160, 160)",20,0.00047206878662109375,0.001316070556640625,0.0004012584686279297
"(0, 0)","(160, 160)",20,0.0002560615539550781,0.006679058074951172,0.0019376277923583984
"(0, 0)","(160, 160)",20,0.0006592273712158203,0.002460479736328125,0.0005552768707275391
