ASP_improve_path_cost,ASP_improve_path_cost,Astar_path_cost,RRTStar_path_cost
83.27870739714743,0.0,0.0
43.96480387325302,0.0,0.0
116.89742500125755,0.0,0.0
124.71895356910453,0.0,0.0
17.461253707629083,0.0,0.0
47.91998115567228,0.0,0.0
