start,goal,range,ASP_improve_time,Astar_time,RRTStar_time
"(0, 0)","(80, 140)",20,0.04461836814880371,0.021846532821655273,-10
"(0, 0)","(80, 140)",20,0.00028777122497558594,0.00021648406982421875,0.00019025802612304688
"(0, 0)","(80, 140)",20,0.0004189014434814453,0.0019273757934570312,0.0007786750793457031
