start,goal,range,ASP_improve_path_cost,Astar_path_cost,RRTStar_path_cost
"(0, 0)","(120, 120)",20,69.48896693852198,63.28427124746189,86.37347351165192
"(0, 0)","(120, 120)",20,138.42799898793314,115.254833995939,178.37455925665893
"(0, 0)","(120, 120)",20,62.8333596151736,61.15432893255067,84.85885626591748
"(0, 0)","(120, 120)",20,37.890189871000864,36.65685424949238,45.256063164684726
"(0, 0)","(120, 120)",20,59.3341113297095,60.38477631085024,79.09866143820462
"(0, 0)","(120, 120)",20,193.70619024340263,183.95331880577413,212.30850337138952
"(0, 0)","(120, 120)",20,32.80371492690854,31.242640687119287,34.492675409586745
"(0, 0)","(120, 120)",20,119.22887033498688,104.8528137423856,129.76716442932954
"(0, 0)","(120, 120)",20,35.96478430055426,33.0,44.01148151949706
"(0, 0)","(120, 120)",20,27.55382058313492,25.82842712474619,39.17676621995431
"(0, 0)","(120, 120)",20,42.880893847752624,45.071067811865476,54.267872565579886
