ASP_time,Astar_time,RRTStar_time
0.29805707931518555,0.028800010681152344,0.0016756057739257812
