start,goal,range,ASP_improve_path_cost,Astar_path_cost,RRTStar_path_cost
"(0, 0)","(180, 140)",20,64.31603779782037,54.21320343559643,58.11945932000481
"(0, 0)","(180, 140)",20,33.476752515610485,1.4142135623730951,1.333657385460019
"(0, 0)","(180, 140)",20,108.87904022209162,102.8700576850888,133.82457739757535
"(0, 0)","(180, 140)",20,38.593595869039966,28.0,42.12512484383009
"(0, 0)","(180, 140)",20,57.095976793412774,51.48528137423857,75.01498623542987
"(0, 0)","(180, 140)",20,93.33442185233456,80.14213562373095,89.8131905750418
"(0, 0)","(180, 140)",20,84.5009753106518,85.3847763108502,111.8275384441116
