start,goal,range,ASP_improve_path_cost,Astar_path_cost,RRTStar_path_cost
"(0, 0)","(180, 80)",20,71.8499519296879,66.52691193458116,88.85791674307538
"(0, 0)","(180, 80)",20,51.41991801323169,44.870057685088796,49.03238097879248
"(0, 0)","(180, 80)",20,9.463348701127355,9.485281374238571,9.891324612240952
