ASP_time,Astar_time,RRTStar_time
0.21909618377685547,0.046848297119140625,0.0011708736419677734
0.002091646194458008,0.0,0.0
0.015633344650268555,0.0,0.0
