start,goal,range,ASP_improve_time,Astar_time,RRTStar_time
"(0, 0)","(180, 100)",20,0.1342628002166748,0.03747272491455078,0.0010862350463867188
"(0, 0)","(180, 100)",20,0.09671759605407715,0.01696181297302246,0.0005540847778320312
"(0, 0)","(180, 100)",20,0.2645390033721924,0.07688093185424805,0.0028104782104492188
