ASP_improve_time,ASP_improve_time,Astar_time,RRTStar_time
0.0019636154174804688,0.0,0.0
0.1622152328491211,0.0,0.0
0.3196401596069336,0.0,0.0
