start,goal,range,ASP_improve_time,Astar_time,RRTStar_time
"(0, 0)","(60, 80)",20,0.10544109344482422,0.02010059356689453,0.0014307498931884766
