start,goal,range,ASP_improve_time,Astar_time,RRTStar_time
"(0, 0)","(100, 140)",20,0.12949180603027344,0.026588916778564453,0.0014004707336425781
"(0, 0)","(100, 140)",20,0.22480130195617676,0.08509182929992676,0.0013382434844970703
"(0, 0)","(100, 140)",20,0.00046133995056152344,0.007597684860229492,0.0005192756652832031
"(0, 0)","(100, 140)",20,0.007993698120117188,0.02408576011657715,0.0006356239318847656
