ASP_improve_time,ASP_improve_time,Astar_time,RRTStar_time
0.18578767776489258,0.0,0.0
0.266430139541626,0.0,0.0
0.00018477439880371094,0.0,0.0
0.00012969970703125,0.0,0.0
0.0002110004425048828,0.0,0.0
0.0003490447998046875,0.0,0.0
0.017009496688842773,0.0,0.0
0.0017621517181396484,0.0,0.0
0.00017404556274414062,0.0,0.0
0.006590843200683594,0.0,0.0
0.013515472412109375,0.0,0.0
0.00010251998901367188,0.0,0.0
8.296966552734375e-05,0.0,0.0
0.00035643577575683594,0.0,0.0
0.0005605220794677734,0.0,0.0
0.0005500316619873047,0.0,0.0
0.03067779541015625,0.0,0.0
