start,goal,range,ASP_improve_path_cost,Astar_path_cost,RRTStar_path_cost
"(0, 0)","(100, 140)",20,66.7010036268658,62.21320343559641,92.8471981738276
"(0, 0)","(100, 140)",20,95.24757330497278,89.76955262170044,113.15973140584953
"(0, 0)","(100, 140)",20,37.07873239949764,39.14213562373095,43.48471789736311
"(0, 0)","(100, 140)",20,62.88737707160995,59.72792206135786,64.469539150635
