start,goal,range,ASP_improve_time,Astar_time,RRTStar_time
"(0, 0)","(120, 60)",20,0.12528228759765625,0.12024116516113281,0.002207517623901367
