ASP_path_cost,Astar_path_cost,RRTStar_path_cost
85.97974105609373,85.98275605729681,105.9782865043471
