ASP_improve_time,ASP_improve_time,Astar_time,RRTStar_time
0.21900200843811035,0.0,0.0
0.17143583297729492,0.0,0.0
0.036893367767333984,0.0,0.0
0.0004000663757324219,0.0,0.0
0.010599374771118164,0.0,0.0
0.00012159347534179688,0.0,0.0
0.05754399299621582,0.0,0.0
0.012595415115356445,0.0,0.0
0.04819202423095703,0.0,0.0
0.10257101058959961,0.0,0.0
0.0007436275482177734,0.0,0.0
0.0004265308380126953,0.0,0.0
0.0002357959747314453,0.0,0.0
0.0787971019744873,0.0,0.0
0.019582509994506836,0.0,0.0
0.00016641616821289062,0.0,0.0
8.130073547363281e-05,0.0,0.0
0.020369768142700195,0.0,0.0
0.013931751251220703,0.0,0.0
0.14035773277282715,0.0,0.0
0.1962146759033203,0.0,0.0
