start,goal,range,ASP_improve_path_cost,Astar_path_cost,RRTStar_path_cost
"(0, 0)","(80, 140)",20,77.34430093045489,71.45584412271567,-10
"(0, 0)","(80, 140)",20,22.2526931811486,6.242640687119285,8.844621723652013
"(0, 0)","(80, 140)",20,26.19533600356004,18.313708498984763,21.976260360464906
