start,goal,range,ASP_improve_path_cost,Astar_path_cost,RRTStar_path_cost
"(0, 0)","(180, 120)",20,10.343353021881859,10.0,12.08925745600777
"(0, 0)","(180, 120)",20,84.41505892360568,70.8406204335659,97.34734644078304
"(0, 0)","(180, 120)",20,48.71423682391643,45.14213562373095,66.58585614518178
"(0, 0)","(180, 120)",20,136.8447856413808,116.08326112068518,140.5910829299896
