ASP_improve_time,ASP_improve_time,Astar_time,RRTStar_time
0.0054264068603515625,0.0,0.0
0.18896150588989258,0.0,0.0
0.2678711414337158,0.0,0.0
