start,goal,range,ASP_improve_time,Astar_time,RRTStar_time
"(0, 0)","(180, 140)",20,0.0019311904907226562,0.0179595947265625,0.0008559226989746094
"(0, 0)","(180, 140)",20,0.0005037784576416016,0.00010538101196289062,7.271766662597656e-05
"(0, 0)","(180, 140)",20,0.18654799461364746,0.11006689071655273,0.0012791156768798828
"(0, 0)","(180, 140)",20,0.0002734661102294922,0.0006909370422363281,0.0005598068237304688
"(0, 0)","(180, 140)",20,0.00281524658203125,0.012633085250854492,0.0014026165008544922
"(0, 0)","(180, 140)",20,0.010913610458374023,0.06721305847167969,0.0006508827209472656
"(0, 0)","(180, 140)",20,0.05527043342590332,0.17717838287353516,0.0033435821533203125
