ASP_improve_time,ASP_improve_time,Astar_time,RRTStar_time
0.17591047286987305,0.0,0.0
0.27533435821533203,0.0,0.0
0.04164576530456543,0.0,0.0
0.04616856575012207,0.0,0.0
0.00018167495727539062,0.0,0.0
0.00042748451232910156,0.0,0.0
0.0001926422119140625,0.0,0.0
0.0583643913269043,0.0,0.0
0.0005953311920166016,0.0,0.0
0.0004954338073730469,0.0,0.0
0.04775500297546387,0.0,0.0
0.1696915626525879,0.0,0.0
