start,goal,range,ASP_improve_path_cost,Astar_path_cost,RRTStar_path_cost
"(0, 0)","(160, 80)",20,81.96445905937823,64.91168824543139,69.10166321513077
"(0, 0)","(160, 80)",20,25.80165067742682,27.899494936611667,27.098178107272407
"(0, 0)","(160, 80)",20,56.41551264075318,53.76955262170045,59.74350260912002
