start,goal,range,ASP_improve_time,Astar_time,RRTStar_time
"(0, 0)","(180, 60)",20,0.09665775299072266,0.016560077667236328,0.000545501708984375
