ASP_improve_time,ASP_improve_time,Astar_time,RRTStar_time
0.1856522560119629,0.0,0.0
0.28211140632629395,0.0,0.0
0.00017452239990234375,0.0,0.0
0.00054168701171875,0.0,0.0
0.0012767314910888672,0.0,0.0
0.08593487739562988,0.0,0.0
