ASP_time,Astar_time,RRTStar_time
0.2575798034667969,0.01562643051147461,0.001176595687866211
0.48967933654785156,0.06307530403137207,0.0016331672668457031
0.0,0.0,0.0
0.0,0.015623331069946289,0.0
