ASP_improve_time,ASP_improve_time,Astar_time,RRTStar_time
0.016695022583007812,0.0,0.0
0.17101812362670898,0.0,0.0
0.20232319831848145,0.0,0.0
0.03581094741821289,0.0,0.0
0.012857913970947266,0.0,0.0
0.00013303756713867188,0.0,0.0
0.11970734596252441,0.0,0.0
0.08796095848083496,0.0,0.0
0.022225379943847656,0.0,0.0
0.04629325866699219,0.0,0.0
0.00037789344787597656,0.0,0.0
0.0010302066802978516,0.0,0.0
0.00015115737915039062,0.0,0.0
0.0002503395080566406,0.0,0.0
0.07476234436035156,0.0,0.0
0.0003218650817871094,0.0,0.0
0.00022840499877929688,0.0,0.0
8.797645568847656e-05,0.0,0.0
0.0008168220520019531,0.0,0.0
