start,goal,range,ASP_improve_path_cost,Astar_path_cost,RRTStar_path_cost
"(0, 0)","(180, 180)",20,69.77059089564806,63.0832611206852,87.57087490031816
"(0, 0)","(180, 180)",20,151.77853981129167,135.68124086713186,161.65125284794112
"(0, 0)","(180, 180)",20,7.123672072122355,7.414213562373095,38.05548934841799
"(0, 0)","(180, 180)",20,47.636664984096825,44.72792206135785,52.962393231547104
