ASP_improve_time,ASP_improve_time,Astar_time,RRTStar_time
0.002199411392211914,0.0,0.0
0.18868136405944824,0.0,0.0
0.2566099166870117,0.0,0.0
0.11036372184753418,0.0,0.0
0.23582243919372559,0.0,0.0
0.2611355781555176,0.0,0.0
