start,goal,range,ASP_improve_time,Astar_time,RRTStar_time
"(0, 0)","(180, 80)",20,0.08935880661010742,0.01773238182067871,0.0012524127960205078
"(0, 0)","(180, 80)",20,0.04967451095581055,0.01610279083251953,0.00035452842712402344
"(0, 0)","(180, 80)",20,0.0005211830139160156,0.0003726482391357422,0.00023102760314941406
