start,goal,range,ASP_improve_time,Astar_time,RRTStar_time
"(0, 0)","(180, 180)",20,0.18982815742492676,0.11029934883117676,0.0013072490692138672
"(0, 0)","(180, 180)",20,0.35597825050354004,0.19984006881713867,0.00406193733215332
"(0, 0)","(180, 180)",20,0.00026297569274902344,0.0003077983856201172,0.0007164478302001953
"(0, 0)","(180, 180)",20,0.1553940773010254,0.008860588073730469,0.000997304916381836
