ASP_time,Astar_time,RRTStar_time
0.1558845043182373,0.030832290649414062,0.0
