start,goal,range,ASP_improve_path_cost,Astar_path_cost,RRTStar_path_cost
"(0, 0)","(120, 160)",20,68.10968517866402,67.7989898732233,76.75692581944658
"(0, 0)","(120, 160)",20,109.6668280995102,102.42640687119281,116.52321344830834
"(0, 0)","(120, 160)",20,24.99145260089862,27.071067811865476,28.96601841927216
"(0, 0)","(120, 160)",20,55.96166473638817,58.72792206135786,72.88364136746372
