ASP_improve_path_cost,ASP_improve_path_cost,Astar_path_cost,RRTStar_path_cost
84.60213761432527,0.0,0.0
144.02182773757974,0.0,0.0
15.196401651533973,0.0,0.0
83.5432337769051,0.0,0.0
110.86858445186313,0.0,0.0
45.30722632756841,0.0,0.0
