ASP_improve_time,ASP_improve_time,Astar_time,RRTStar_time
0.15006518363952637,0.0,0.0
0.31414031982421875,0.0,0.0
6.580352783203125e-05,0.0,0.0
