ASP_time,Astar_time,RRTStar_time
0.30894041061401367,0.015594720840454102,-10
