start,goal,range,ASP_improve_path_cost,Astar_path_cost,RRTStar_path_cost
"(0, 0)","(100, 80)",20,71.87127923652447,68.98275605729684,92.43283839340852
"(0, 0)","(100, 80)",20,39.103187173569914,39.76955262170047,45.3439465622463
"(0, 0)","(100, 80)",20,40.375949557306406,43.4558441227157,51.72300296200232
"(0, 0)","(100, 80)",20,40.82597063312585,28.556349186104054,35.75729186548247
"(0, 0)","(100, 80)",20,34.857444036106685,27.798989873223338,40.564863263274205
"(0, 0)","(100, 80)",20,30.43944984016432,16.82842712474619,18.53955366026764
"(0, 0)","(100, 80)",20,38.12316117589801,5.242640687119286,4.479419453670749
"(0, 0)","(100, 80)",20,64.80946381945213,31.727922061357862,80.10760305660482
"(0, 0)","(100, 80)",20,80.66212851094915,35.21320343559643,94.43598404388086
"(0, 0)","(100, 80)",20,38.6325153121184,7.414213562373095,15.90227067342542
"(0, 0)","(100, 80)",20,103.41196806487714,43.6274169979695,122.37843207447389
