start,goal,range,ASP_improve_time,Astar_time,RRTStar_time
"(0, 0)","(180, 120)",20,0.002512216567993164,0.00026035308837890625,0.0001919269561767578
"(0, 0)","(180, 120)",20,0.0019299983978271484,0.04701542854309082,0.0012593269348144531
"(0, 0)","(180, 120)",20,0.11907792091369629,0.007678508758544922,0.0008306503295898438
"(0, 0)","(180, 120)",20,0.40931248664855957,0.5552310943603516,0.0018954277038574219
