ASP_improve_path_cost,ASP_improve_path_cost,Astar_path_cost,RRTStar_path_cost
83.31328318767602,0.0,0.0
150.35906525931216,0.0,0.0
51.922811787998754,0.0,0.0
68.7598013113161,0.0,0.0
14.36113138065766,0.0,0.0
38.75483653843358,0.0,0.0
14.044489574584109,0.0,0.0
60.28817586805784,0.0,0.0
54.3031323996096,0.0,0.0
36.170297782173186,0.0,0.0
58.27365031648602,0.0,0.0
189.43669550077016,0.0,0.0
