start,goal,range,ASP_improve_time,Astar_time,RRTStar_time
"(0, 0)","(120, 120)",20,0.12776851654052734,0.028336286544799805,0.0007138252258300781
"(0, 0)","(120, 120)",20,0.39029836654663086,0.10281586647033691,0.0030486583709716797
"(0, 0)","(120, 120)",20,0.11030101776123047,0.019228219985961914,0.0021216869354248047
"(0, 0)","(120, 120)",20,0.04148411750793457,0.005502462387084961,0.0007288455963134766
"(0, 0)","(120, 120)",20,0.011295318603515625,0.01713705062866211,0.0010552406311035156
"(0, 0)","(120, 120)",20,0.23411178588867188,0.341367244720459,0.0013556480407714844
"(0, 0)","(120, 120)",20,0.041527748107910156,0.004306793212890625,0.0016131401062011719
"(0, 0)","(120, 120)",20,0.13912105560302734,0.12849950790405273,0.0032029151916503906
"(0, 0)","(120, 120)",20,0.0005333423614501953,0.0008432865142822266,0.0018124580383300781
"(0, 0)","(120, 120)",20,0.0002682209014892578,0.0021860599517822266,0.001856088638305664
"(0, 0)","(120, 120)",20,0.0005986690521240234,0.01050424575805664,0.0028715133666992188
