start,goal,range,ASP_improve_path_cost,Astar_path_cost,RRTStar_path_cost
"(0, 0)","(180, 100)",20,76.57854353213774,68.76955262170044,89.24168917725927
"(0, 0)","(180, 100)",20,54.20580499769343,49.28427124746189,51.3947444036431
"(0, 0)","(180, 100)",20,117.87241264158529,104.52691193458116,159.5652580317563
