start,goal,range,[our]_reached_goal_global_pick,[our]_path_cost_global_pick,[our]_reached_goal_neighbor_pick,[our]_path_cost_neighbor_pick,[RRTX]_reached_goal,[RRTX]_path_cost
"(0, 0)","(100, 80)",10,True,416.28621449954153,False,515.2041386937861,0,0
"(0, 0)","(100, 80)",15,False,1838.9816182711188,False,710.0527371074002,0,0
"(0, 0)","(100, 80)",20,False,2302.069958961535,True,390.54699611516,0,0
"(0, 0)","(100, 80)",25,True,372.44177245270293,False,2703.569495788292,0,0
"(0, 0)","(100, 80)",30,False,3227.824472257401,False,2503.0867091798686,0,0
