start,goal,range,[our]_reached_goal_global_pick,[our]_path_cost_global_pick,[our]_reached_goal_neighbor_pick,[our]_path_cost_neighbor_pick,[RRTX]_reached_goal,[RRTX]_path_cost
"(0, 0)","(140, 20)",10,True,145.26614959998147,True,145.26614959998147,True,160.26452963576742
"(0, 0)","(140, 20)",15,True,161.07459007731504,True,161.07459007731504,True,154.5319740923972
"(0, 0)","(140, 20)",20,True,148.5585613397058,True,148.5585613397058,True,152.40965983560503
"(0, 0)","(140, 20)",25,True,163.95828554499153,True,163.95828554499153,True,151.19408056495482
"(0, 0)","(140, 20)",30,True,154.05435578511407,True,154.05435578511407,True,392.43236195489385
