start,goal,range,[our]_reached_goal_global_pick,[our]_path_cost_global_pick,[our]_reached_goal_neighbor_pick,[our]_path_cost_neighbor_pick,[RRTX]_reached_goal,[RRTX]_path_cost
"(0, 0)","(180, 100)",10,False,526.5874830689735,False,643.0715323881906,0,0
"(0, 0)","(180, 100)",15,True,604.7045533140524,True,604.7045533140524,0,0
"(0, 0)","(180, 100)",20,True,714.5575264811031,True,714.5575264811031,0,0
"(0, 0)","(180, 100)",25,True,738.7185038175966,True,738.7185038175966,0,0
"(0, 0)","(180, 100)",30,True,814.1848016308245,True,814.1848016308245,0,0
