start,goal,range,[our]_reached_goal_global_pick,[our]_path_cost_global_pick,[our]_reached_goal_neighbor_pick,[our]_path_cost_neighbor_pick,[RRTX]_reached_goal,[RRTX]_path_cost
"(0, 0)","(160, 20)",10,True,173.59485603955912,True,173.59485603955912,0,0
"(0, 0)","(160, 20)",15,True,166.643742673673,True,166.643742673673,0,0
"(0, 0)","(160, 20)",20,True,178.60212289781447,True,178.60212289781447,0,0
"(0, 0)","(160, 20)",25,True,175.32445262464253,True,175.32445262464253,0,0
"(0, 0)","(160, 20)",30,True,182.11469914380933,True,182.11469914380933,0,0
