start,goal,range,[our]_reached_goal_global_pick,[our]_path_cost_global_pick,[our]_reached_goal_neighbor_pick,[our]_path_cost_neighbor_pick,[RRTX]_reached_goal,[RRTX]_path_cost
"(0, 0)","(180, 120)",10,False,637.9931895906195,False,543.9009268171857,0,0
"(0, 0)","(180, 120)",15,True,844.2426507373112,False,1099.0589442066191,0,0
"(0, 0)","(180, 120)",20,True,798.1677210883748,True,798.1677210883748,0,0
"(0, 0)","(180, 120)",25,True,848.455337797117,True,1284.5390610487602,0,0
"(0, 0)","(180, 120)",30,True,687.0911761714312,True,687.0911761714312,0,0
