start,goal,range,[our]_reached_goal_global_pick,[our]_path_cost_global_pick,[our]_reached_goal_neighbor_pick,[our]_path_cost_neighbor_pick,[RRTX]_reached_goal,[RRTX]_path_cost
"(0, 0)","(140, 100)",10,True,527.6412384598366,True,423.6637076450629,0,0
"(0, 0)","(140, 100)",15,False,1011.005091231676,True,365.3300849180085,0,0
"(0, 0)","(140, 100)",20,False,2138.0905528135486,False,1586.6824920562992,0,0
"(0, 0)","(140, 100)",25,True,352.6722340387418,True,352.6722340387418,0,0
"(0, 0)","(140, 100)",30,True,341.08630899876584,True,341.08630899876584,0,0
