start,goal,range,[our]_reached_goal_global_pick,[our]_path_cost_global_pick,[our]_reached_goal_neighbor_pick,[our]_path_cost_neighbor_pick,[RRTX]_reached_goal,[RRTX]_path_cost
"(0, 0)","(120, 160)",10,False,736.3406419770691,False,658.2453365587866,0,0
"(0, 0)","(120, 160)",15,False,979.8483756322258,False,831.3771843690461,0,0
"(0, 0)","(120, 160)",20,True,725.6104392700286,True,725.6104392700286,0,0
"(0, 0)","(120, 160)",25,True,685.771171451879,True,737.9638597167086,0,0
"(0, 0)","(120, 160)",30,True,784.4808540601226,False,2580.715057409992,0,0
