start,goal,range,[our]_reached_goal_global_pick,[our]_path_cost_global_pick,[our]_reached_goal_neighbor_pick,[our]_path_cost_neighbor_pick,[RRTX]_reached_goal,[RRTX]_path_cost
"(0, 0)","(140, 140)",10,False,783.4051856071495,False,486.03362032764807,0,0
"(0, 0)","(140, 140)",15,False,1046.9319726196818,True,522.7153987812848,0,0
"(0, 0)","(140, 140)",20,False,1602.1691597917977,False,1262.4322670796205,0,0
"(0, 0)","(140, 140)",25,True,1549.6816756822875,False,1690.929854880968,0,0
"(0, 0)","(140, 140)",30,True,448.0011994904621,True,448.0011994904621,0,0
