start,goal,range,[our]_reached_goal_global_pick,[our]_path_cost_global_pick,[our]_reached_goal_neighbor_pick,[our]_path_cost_neighbor_pick,[RRTX]_reached_goal,[RRTX]_path_cost
"(0, 0)","(100, 140)",10,False,621.8626426527602,False,614.691705615459,0,0
"(0, 0)","(100, 140)",15,True,756.2026990432954,True,782.7407029239033,0,0
"(0, 0)","(100, 140)",20,True,692.5929866822769,True,692.5929866822769,0,0
"(0, 0)","(100, 140)",25,True,719.3259118454748,True,719.3259118454748,0,0
"(0, 0)","(100, 140)",30,True,528.8781482142076,True,528.8781482142076,0,0
