start,goal,range,[our]_reached_goal_global_pick,[our]_path_cost_global_pick,[our]_reached_goal_neighbor_pick,[our]_path_cost_neighbor_pick,[RRTX]_reached_goal,[RRTX]_path_cost
"(0, 0)","(160, 120)",10,True,503.93086119351904,False,646.1319196265341,0,0
"(0, 0)","(160, 120)",15,True,415.47204068269133,True,384.80268541231635,0,0
"(0, 0)","(160, 120)",20,False,1586.3245587855058,True,383.4847298298179,0,0
"(0, 0)","(160, 120)",25,False,2858.4494745089983,True,1516.7169565919428,0,0
"(0, 0)","(160, 120)",30,True,387.4819694893099,True,387.4819694893099,0,0
