start,goal,range,[our]_reached_goal_global_pick_improved,[our]_path_cost_global_pick_improved,[our]_reached_goal_neighbor_pick_improved,[our]_path_cost_neighbor_pick_improved,[RRTX]_reached_goal,[RRTX]_path_cost
"(0, 0)","(180, 60)",10,False,500.42990048740654,False,463.52508801829373,True,646.0516812991958
"(0, 0)","(180, 60)",15,True,499.3914600814154,True,499.3914600814154,True,476.9000334696349
"(0, 0)","(180, 60)",20,True,525.8227241506995,True,525.8227241506995,True,461.7575826415597
"(0, 0)","(180, 60)",25,True,513.1401519430333,True,513.1401519430333,True,429.5372477576505
"(0, 0)","(180, 60)",30,True,479.7830034729643,True,479.7830034729643,True,533.8519778036892
