start,goal,range,[our]_reached_goal_global_pick_improved,[our]_path_cost_global_pick_improved,[our]_reached_goal_neighbor_pick_improved,[our]_path_cost_neighbor_pick_improved,[RRTX]_reached_goal,[RRTX]_path_cost
"(0, 0)","(180, 120)",10,False,570.0273046239722,False,468.17270462362455,True,607.8451668694034
"(0, 0)","(180, 120)",15,True,818.448484024772,False,1056.0420815547743,True,512.3589803880741
"(0, 0)","(180, 120)",20,True,797.7019738510731,True,797.7019738510731,True,508.5315464287461
"(0, 0)","(180, 120)",25,True,822.5513785631828,True,1251.7085979642973,False,760.4048126352092
"(0, 0)","(180, 120)",30,True,686.3470459714745,True,686.3470459714745,True,457.2052682525679
