start,goal,range,[our]_reached_goal_global_pick_improved,[our]_path_cost_global_pick_improved,[our]_reached_goal_neighbor_pick_improved,[our]_path_cost_neighbor_pick_improved,[RRTX]_reached_goal,[RRTX]_path_cost
"(0, 0)","(180, 40)",10,False,904.1047196441054,False,646.8270468719386,True,205.1488076882004
"(0, 0)","(180, 40)",15,True,211.26994462950233,True,211.26994462950233,True,501.2687163418504
"(0, 0)","(180, 40)",20,True,482.48358634424727,True,495.7505204117167,True,198.17014815987636
"(0, 0)","(180, 40)",25,True,430.22757450971,True,430.22757450971,True,457.45460386877244
"(0, 0)","(180, 40)",30,True,360.21796896350133,True,360.21796896350133,True,197.14601881154798
