start,goal,range,[our]_reached_goal_global_pick_improved,[our]_path_cost_global_pick_improved,[our]_reached_goal_neighbor_pick_improved,[our]_path_cost_neighbor_pick_improved,[RRTX]_reached_goal,[RRTX]_path_cost
"(0, 0)","(180, 100)",10,False,522.5439651540999,False,597.8523672892239,True,709.347888124233
"(0, 0)","(180, 100)",15,True,602.0477186036145,True,602.0477186036145,True,664.0241209447519
"(0, 0)","(180, 100)",20,True,705.2984492315202,True,705.2984492315202,True,528.3785742319316
"(0, 0)","(180, 100)",25,True,758.8125070573122,True,758.8125070573122,True,510.799872211453
"(0, 0)","(180, 100)",30,True,804.8608861296879,True,804.8608861296879,True,483.8903512957048
