start,goal,range,[our]_reached_goal_global_pick_improved,[our]_path_cost_global_pick_improved,[our]_reached_goal_neighbor_pick_improved,[our]_path_cost_neighbor_pick_improved,[RRTX]_reached_goal,[RRTX]_path_cost
"(0, 0)","(180, 20)",10,True,185.95657806342484,True,185.95657806342484,True,189.88085980950694
"(0, 0)","(180, 20)",15,True,191.88354403080893,True,191.88354403080893,True,189.87735005037763
"(0, 0)","(180, 20)",20,True,187.20028132141968,True,187.20028132141968,True,187.15528986859985
"(0, 0)","(180, 20)",25,True,185.84358233941845,True,185.84358233941845,True,191.13106006633623
"(0, 0)","(180, 20)",30,True,191.47444704993777,True,191.47444704993777,True,189.79768247156366
