start,goal,range,[our]_reached_goal_global_pick_improved,[our]_path_cost_global_pick_improved,[our]_reached_goal_neighbor_pick_improved,[our]_path_cost_neighbor_pick_improved,[RRTX]_reached_goal,[RRTX]_path_cost
"(0, 0)","(20, 100)",10,True,111.24725689973516,True,111.24725689973516,True,112.40803828511741
"(0, 0)","(20, 100)",15,True,257.07076393026176,True,336.38817449785364,True,107.8696591268761
"(0, 0)","(20, 100)",20,True,266.159231549193,True,332.14041756149265,True,104.49581951269163
"(0, 0)","(20, 100)",25,True,106.49294124651108,True,106.49294124651108,True,109.56602521565367
"(0, 0)","(20, 100)",30,True,175.80420038792124,True,288.44037667815513,True,105.68966576630777
