start,goal,range,[our]_reached_goal_global_pick_improved,[our]_path_cost_global_pick_improved,[our]_reached_goal_neighbor_pick_improved,[our]_path_cost_neighbor_pick_improved,[RRTX]_reached_goal,[RRTX]_path_cost
"(0, 0)","(40, 40)",10,True,56.72721835421675,True,56.72721835421675,True,58.64542449571796
"(0, 0)","(40, 40)",15,True,56.646454476915196,True,56.646454476915196,True,58.15668721450766
"(0, 0)","(40, 40)",20,True,56.572132772466894,True,56.572132772466894,True,57.603736629031076
"(0, 0)","(40, 40)",25,True,56.56918197958661,True,56.56918197958661,True,57.1415713505564
"(0, 0)","(40, 40)",30,True,56.56926185858795,True,56.56926185858795,True,57.537035731669114
