start,goal,range,ASP_improve_path_cost,Astar_path_cost,RRTStar_path_cost
"(0, 0)","(60, 70)",20,46.81856010587431,29.65685424949238,56.90292973377305
"(0, 0)","(60, 70)",20,60.831598893199036,61.66904755831211,68.85581499326997
"(0, 0)","(60, 70)",20,21.049144901627727,20.798989873223338,28.092158245042175
"(0, 0)","(60, 70)",20,22.20227148309516,21.414213562373096,27.03073131418819
"(0, 0)","(60, 70)",20,39.67108347209633,39.41421356237309,45.792301685448976
"(0, 0)","(60, 70)",20,26.80441456695819,13.656854249492381,21.57608858424501
"(0, 0)","(60, 70)",20,6.45658025079393,6.656854249492381,23.803791624075423
"(0, 0)","(60, 70)",20,74.08378957073447,68.41421356237309,73.66726726165378
"(0, 0)","(60, 70)",20,37.56216621905481,20.0,21.25800865461712
"(0, 0)","(60, 70)",20,37.184661076747325,37.76955262170047,43.06455077150409
"(0, 0)","(60, 70)",20,35.234097409986525,35.14213562373096,-10
