ASP_improve_time,ASP_improve_time,Astar_time,RRTStar_time
0.0022974014282226562,0.0,0.0
0.007579803466796875,0.0,0.0
0.001300811767578125,0.0,0.0
