start,goal,range,ASP_improve_time,Astar_time,RRTStar_time
"(0, 0)","(40, 80)",20,0.00799703598022461,0.019965171813964844,-10
"(0, 0)","(40, 80)",20,0.003786325454711914,0.004752635955810547,0.0010042190551757812
"(0, 0)","(40, 80)",20,0.1159060001373291,0.0781865119934082,0.0008006095886230469
"(0, 0)","(40, 80)",20,0.0038466453552246094,0.0002429485321044922,0.00011801719665527344
"(0, 0)","(40, 80)",20,0.06096172332763672,0.004944562911987305,0.0008637905120849609
"(0, 0)","(40, 80)",20,0.0007767677307128906,0.005927562713623047,0.0010786056518554688
"(0, 0)","(40, 80)",20,0.0002543926239013672,0.0008656978607177734,0.0008897781372070312
