ASP_time,Astar_time,RRTStar_time
0.02699732780456543,0.006113290786743164,0.001094818115234375
0.04489541053771973,0.005003929138183594,0.0
