start,goal,range,ASP_improve_time,Astar_time,RRTStar_time
"(0, 0)","(60, 80)",20,0.0010836124420166016,0.0019066333770751953,0.00048065185546875
"(0, 0)","(60, 80)",20,0.006578922271728516,0.00429844856262207,-10
"(0, 0)","(60, 80)",20,0.15365314483642578,0.021979808807373047,0.0017290115356445312
"(0, 0)","(60, 80)",20,0.013368844985961914,0.00789332389831543,0.0015895366668701172
