ASP_improve_path_cost,ASP_improve_path_cost,Astar_path_cost,RRTStar_path_cost
44.55493888215301,0.0,0.0
52.18055155471554,0.0,0.0
14.33657636148282,0.0,0.0
21.875423396126294,0.0,0.0
13.693733402366494,0.0,0.0
42.115853305307944,0.0,0.0
60.93580336527202,0.0,0.0
34.38520654561955,0.0,0.0
62.41752021730048,0.0,0.0
68.79625154119236,0.0,0.0
81.8069587658064,0.0,0.0
38.313647419688074,0.0,0.0
