start,goal,range,ASP_improve_time,Astar_time,RRTStar_time
"(0, 0)","(60, 50)",20,0.04040980339050293,0.00429081916809082,0.0009102821350097656
"(0, 0)","(60, 50)",20,0.0018603801727294922,0.00027108192443847656,0.00011658668518066406
"(0, 0)","(60, 50)",20,0.03902101516723633,0.0060272216796875,0.0006427764892578125
"(0, 0)","(60, 50)",20,0.018152236938476562,0.0018191337585449219,0.0005903244018554688
"(0, 0)","(60, 50)",20,0.0007939338684082031,0.00026798248291015625,0.0002079010009765625
"(0, 0)","(60, 50)",20,0.0027680397033691406,0.0016841888427734375,0.0007958412170410156
"(0, 0)","(60, 50)",20,0.000453948974609375,0.00015211105346679688,7.724761962890625e-05
"(0, 0)","(60, 50)",20,0.0022428035736083984,0.003275632858276367,0.0011272430419921875
"(0, 0)","(60, 50)",20,0.1107034683227539,0.04276609420776367,0.004011392593383789
"(0, 0)","(60, 50)",20,0.003385305404663086,0.05029749870300293,0.0017480850219726562
"(0, 0)","(60, 50)",20,0.0800478458404541,0.0033791065216064453,0.00391697883605957
