ASP_improve_time,ASP_improve_time,Astar_time,RRTStar_time
0.11160492897033691,0.0,0.0
0.014672517776489258,0.0,0.0
0.000667572021484375,0.0,0.0
0.010004281997680664,0.0,0.0
