start,goal,range,ASP_improve_path_cost,Astar_path_cost,RRTStar_path_cost
"(0, 0)","(40, 40)",20,27.961005135064816,28.384776310850242,29.951641745606505
"(0, 0)","(40, 40)",20,27.591627238517816,10.414213562373096,-10
"(0, 0)","(40, 40)",20,59.361543814227005,47.69848480983497,64.83946765761684
"(0, 0)","(40, 40)",20,21.093906138294386,21.72792206135786,26.356295335284308
"(0, 0)","(40, 40)",20,26.330362143514908,20.48528137423857,41.259966091043204
