ASP_time,Astar_time,RRTStar_time
0.04800558090209961,0.008000373840332031,0.0019712448120117188
0.050000905990600586,0.009998798370361328,0.001504659652709961
0.08851909637451172,0.006999969482421875,0.0009899139404296875
