ASP_path_cost,Astar_path_cost,RRTStar_path_cost
50.07660295302041,50.94112549695426,64.17375882965788
33.51680102068752,35.384776310850235,38.855979208645024
