ASP_path_cost,Astar_path_cost,RRTStar_path_cost
33.32354660125915,34.041630560342625,76.03176279215623
