start,goal,range,ASP_improve_time,Astar_time,RRTStar_time
"(0, 0)","(50, 20)",20,0.002238035202026367,0.0010619163513183594,0.0002224445343017578
"(0, 0)","(50, 20)",20,0.0002923011779785156,0.0007064342498779297,0.00020766258239746094
"(0, 0)","(50, 20)",20,0.0004239082336425781,0.000270843505859375,0.0005135536193847656
"(0, 0)","(50, 20)",20,0.0002598762512207031,0.00011086463928222656,5.316734313964844e-05
"(0, 0)","(50, 20)",20,0.0004341602325439453,9.894371032714844e-05,5.650520324707031e-05
"(0, 0)","(50, 20)",20,0.011706113815307617,9.655952453613281e-05,9.870529174804688e-05
"(0, 0)","(50, 20)",20,0.2031710147857666,0.1065678596496582,0.0025615692138671875
"(0, 0)","(50, 20)",20,0.0009500980377197266,0.0044040679931640625,0.00026345252990722656
"(0, 0)","(50, 20)",20,0.059874773025512695,0.00641322135925293,0.001634359359741211
"(0, 0)","(50, 20)",20,0.09197735786437988,0.044744253158569336,-10
"(0, 0)","(50, 20)",20,0.0003490447998046875,0.00013518333435058594,5.364418029785156e-05
