start,goal,range,ASP_improve_time,Astar_time,RRTStar_time
"(0, 0)","(30, 90)",20,0.025357723236083984,0.005229473114013672,0.0006430149078369141
