start,goal,range,ASP_improve_path_cost,Astar_path_cost,RRTStar_path_cost
"(0, 0)","(40, 70)",20,49.32071257442132,30.414213562373096,108.56254405765276
"(0, 0)","(40, 70)",20,58.51577041598266,41.04163056034261,70.18152582428802
"(0, 0)","(40, 70)",20,34.15971904575968,36.62741699796952,40.98173285576789
