ASP_improve_time,ASP_improve_time,Astar_time,RRTStar_time
0.4346327781677246,0.0,0.0
0.04696393013000488,0.0,0.0
0.0007228851318359375,0.0,0.0
0.010750293731689453,0.0,0.0
