ASP_improve_path_cost,ASP_improve_path_cost,Astar_path_cost,RRTStar_path_cost
44.55493888215301,0.0,0.0
52.18055155471554,0.0,0.0
14.33657636148282,0.0,0.0
53.298210614964084,0.0,0.0
45.44443037294473,0.0,0.0
82.83624407558486,0.0,0.0
62.04894583867279,0.0,0.0
74.9348445471741,0.0,0.0
103.0731600563607,0.0,0.0
67.04715960234348,0.0,0.0
77.19287087866488,0.0,0.0
31.196984380837925,0.0,0.0
