ASP_improve_time,ASP_improve_time,Astar_time,RRTStar_time
0.09761857986450195,0.0,0.0
0.011790752410888672,0.0,0.0
0.0006012916564941406,0.0,0.0
