ASP_time,Astar_time,RRTStar_time
0.1057136058807373,0.0035054683685302734,0.0
0.0020749568939208984,0.002000570297241211,0.0020089149475097656
