start,goal,range,ASP_improve_time,Astar_time,RRTStar_time
"(0, 0)","(90, 60)",20,0.11664748191833496,0.06487798690795898,0.004221439361572266
"(0, 0)","(90, 60)",20,0.004592418670654297,0.010771989822387695,0.003087282180786133
"(0, 0)","(90, 60)",20,0.0003154277801513672,0.0017201900482177734,0.0006556510925292969
"(0, 0)","(90, 60)",20,0.00015854835510253906,0.0001437664031982422,7.224082946777344e-05
"(0, 0)","(90, 60)",20,0.05861210823059082,0.01380777359008789,-10
