ASP_time,Astar_time,RRTStar_time
0.1047210693359375,0.0077266693115234375,0.0
0.0040929317474365234,0.008032560348510742,0.0
0.0,0.0,0.0
0.013318061828613281,0.004033088684082031,0.0
