ASP_improve_time,ASP_improve_time,Astar_time,RRTStar_time
0.002307891845703125,0.0,0.0
0.007262229919433594,0.0,0.0
0.00015163421630859375,0.0,0.0
0.0003807544708251953,0.0,0.0
0.0010690689086914062,0.0,0.0
0.12891554832458496,0.0,0.0
0.17586326599121094,0.0,0.0
0.06732559204101562,0.0,0.0
0.0024704933166503906,0.0,0.0
0.03811979293823242,0.0,0.0
0.03922557830810547,0.0,0.0
9.083747863769531e-05,0.0,0.0
0.08332324028015137,0.0,0.0
0.0001900196075439453,0.0,0.0
0.003186941146850586,0.0,0.0
0.0010356903076171875,0.0,0.0
0.0003757476806640625,0.0,0.0
0.11316657066345215,0.0,0.0
0.0002651214599609375,0.0,0.0
0.0002510547637939453,0.0,0.0
0.00026226043701171875,0.0,0.0
7.176399230957031e-05,0.0,0.0
0.0020678043365478516,0.0,0.0
0.16431283950805664,0.0,0.0
0.023903846740722656,0.0,0.0
9.1552734375e-05,0.0,0.0
0.0011012554168701172,0.0,0.0
0.0013604164123535156,0.0,0.0
0.10824990272521973,0.0,0.0
0.3711385726928711,0.0,0.0
0.04445290565490723,0.0,0.0
0.2849416732788086,0.0,0.0
0.00032138824462890625,0.0,0.0
0.11321210861206055,0.0,0.0
0.14473843574523926,0.0,0.0
0.0005254745483398438,0.0,0.0
0.001249074935913086,0.0,0.0
0.11702585220336914,0.0,0.0
0.0004992485046386719,0.0,0.0
0.14439988136291504,0.0,0.0
0.0005424022674560547,0.0,0.0
0.0005972385406494141,0.0,0.0
