ASP_improve_path_cost,ASP_improve_path_cost,Astar_path_cost,RRTStar_path_cost
52.63100566079544,0.0,0.0
43.9266639780801,0.0,0.0
61.765549525894386,0.0,0.0
64.94033182783794,0.0,0.0
