start,goal,range,ASP_improve_path_cost,Astar_path_cost,RRTStar_path_cost
"(0, 0)","(50, 40)",20,59.03651976214205,47.727922061357845,70.22607928708976
"(0, 0)","(50, 40)",20,33.45778532138192,32.627416997969526,57.38652865423177
"(0, 0)","(50, 40)",20,37.96882286146911,41.55634918610404,51.95451421771854
"(0, 0)","(50, 40)",20,29.88390876671017,5.0,5.678679227175394
"(0, 0)","(50, 40)",20,5.628828940553585,2.8284271247461903,2.8806087236520392
"(0, 0)","(50, 40)",20,30.48803058517864,12.0,13.553067442495784
"(0, 0)","(50, 40)",20,62.13595902491487,63.4974746830583,86.744682284857
"(0, 0)","(50, 40)",20,39.07052692480234,28.213203435596434,30.723321528307412
"(0, 0)","(50, 40)",20,86.89980969917484,81.48528137423857,111.18304712087071
"(0, 0)","(50, 40)",20,54.665200582948614,58.18376618407355,78.60783106394243
"(0, 0)","(50, 40)",20,2.2949718817671707,3.414213562373095,2.2949718817671707
