start,goal,range,ASP_improve_time,Astar_time,RRTStar_time
"(0, 0)","(50, 40)",20,0.1061699390411377,0.0061740875244140625,0.0009226799011230469
"(0, 0)","(50, 40)",20,0.004318714141845703,0.003885507583618164,0.0006318092346191406
"(0, 0)","(50, 40)",20,0.044646263122558594,0.011211633682250977,0.0006186962127685547
"(0, 0)","(50, 40)",20,0.000453948974609375,0.0002028942108154297,0.00010895729064941406
"(0, 0)","(50, 40)",20,0.00035452842712402344,0.005741596221923828,8.535385131835938e-05
"(0, 0)","(50, 40)",20,0.04191088676452637,0.0003871917724609375,0.0005059242248535156
"(0, 0)","(50, 40)",20,0.1466662883758545,0.03471088409423828,0.0035614967346191406
"(0, 0)","(50, 40)",20,0.0019383430480957031,0.0046427249908447266,0.0003008842468261719
"(0, 0)","(50, 40)",20,0.16772007942199707,0.041951894760131836,0.003130674362182617
"(0, 0)","(50, 40)",20,0.0789346694946289,0.06383585929870605,0.01984238624572754
"(0, 0)","(50, 40)",20,0.0004684925079345703,0.0020148754119873047,7.963180541992188e-05
