ASP_path_cost,Astar_path_cost,RRTStar_path_cost
49.35639678079733,40.142135623730944,44.910305045369896
