ASP_time,Astar_time,RRTStar_time
0.046720027923583984,0.024065732955932617,0.0
