start,goal,range,ASP_improve_path_cost,Astar_path_cost,RRTStar_path_cost
"(0, 0)","(40, 80)",20,32.29872339529552,14.656854249492381,-10
"(0, 0)","(40, 80)",20,40.89405133072539,41.18376618407356,44.33526796479538
"(0, 0)","(40, 80)",20,57.994944762460996,52.66904755831211,67.86191544534661
"(0, 0)","(40, 80)",20,33.88617684614168,6.242640687119285,5.904827851122729
"(0, 0)","(40, 80)",20,23.796959351299325,25.899494936611667,26.85127399983339
"(0, 0)","(40, 80)",20,29.095512294778132,29.970562748477146,31.931690961750583
"(0, 0)","(40, 80)",20,18.93358376934667,19.414213562373096,22.542948925359237
