ASP_improve_path_cost,ASP_improve_path_cost,Astar_path_cost,RRTStar_path_cost
57.58577059342383,0.0,0.0
31.8004122967178,0.0,0.0
14.33657636148282,0.0,0.0
78.32038298660456,0.0,0.0
82.83624407558486,0.0,0.0
57.81404360929992,0.0,0.0
69.38025974361032,0.0,0.0
31.196984380837925,0.0,0.0
