ASP_improve_time,ASP_improve_time,Astar_time,RRTStar_time
0.024489641189575195,0.0,0.0
0.009748220443725586,0.0,0.0
0.0078277587890625,0.0,0.0
0.0010902881622314453,0.0,0.0
0.04946422576904297,0.0,0.0
0.2981240749359131,0.0,0.0
0.0005505084991455078,0.0,0.0
