start,goal,range,ASP_improve_path_cost,Astar_path_cost,RRTStar_path_cost
"(0, 0)","(60, 80)",20,21.575424799287447,19.970562748477146,27.742276356978678
"(0, 0)","(60, 80)",20,27.21947004484724,28.62741699796953,-10
"(0, 0)","(60, 80)",20,44.00326334038656,29.313708498984763,58.42000207752958
"(0, 0)","(60, 80)",20,33.17706999390488,31.798989873223338,49.07970392276791
