start,goal,range,ASP_improve_path_cost,Astar_path_cost,RRTStar_path_cost
"(0, 0)","(70, 50)",20,21.24132650775343,17.970562748477146,30.236975441394872
"(0, 0)","(70, 50)",20,36.67065797725179,37.8700576850888,54.168472994564375
"(0, 0)","(70, 50)",20,29.841787162966092,20.82842712474619,39.31544981930165
"(0, 0)","(70, 50)",20,18.746448039188394,20.48528137423857,22.964826482587142
"(0, 0)","(70, 50)",20,21.053443007283036,21.0,24.692239252549363
"(0, 0)","(70, 50)",20,58.43649840833151,62.55634918610405,69.64837960041322
"(0, 0)","(70, 50)",20,106.8119321427841,87.41421356237309,98.05381192791727
"(0, 0)","(70, 50)",20,36.116794344396595,16.72792206135786,26.06360502154034
"(0, 0)","(70, 50)",20,114.95854102579034,116.07106781186548,130.8685946097685
"(0, 0)","(70, 50)",20,33.01708095261563,33.89949493661167,40.340664229346125
