start,goal,range,ASP_improve_time,Astar_time,RRTStar_time
"(0, 0)","(80, 40)",20,0.0028793811798095703,0.005928754806518555,0.002147674560546875
"(0, 0)","(80, 40)",20,0.0032684803009033203,0.016078472137451172,0.0017058849334716797
"(0, 0)","(80, 40)",20,0.0004467964172363281,0.0021452903747558594,0.0005733966827392578
"(0, 0)","(80, 40)",20,0.0003628730773925781,0.004076242446899414,0.0006473064422607422
"(0, 0)","(80, 40)",20,0.08035826683044434,0.0032279491424560547,0.001706838607788086
"(0, 0)","(80, 40)",20,0.12128710746765137,0.03846001625061035,0.003017902374267578
"(0, 0)","(80, 40)",20,0.0004222393035888672,0.00015425682067871094,0.00012969970703125
"(0, 0)","(80, 40)",20,0.07619619369506836,0.0034723281860351562,0.004144430160522461
"(0, 0)","(80, 40)",20,0.07598352432250977,0.0035486221313476562,0.002911806106567383
"(0, 0)","(80, 40)",20,0.060871124267578125,0.03386044502258301,0.004458189010620117
"(0, 0)","(80, 40)",20,0.0007393360137939453,0.004304647445678711,0.004267454147338867
