ASP_improve_path_cost,ASP_improve_path_cost,Astar_path_cost,RRTStar_path_cost
44.55493888215301,0.0,0.0
52.18055155471554,0.0,0.0
14.33657636148282,0.0,0.0
51.15468575555045,0.0,0.0
52.72553187570982,0.0,0.0
35.05587431394567,0.0,0.0
21.875423396126294,0.0,0.0
13.693733402366494,0.0,0.0
42.115853305307944,0.0,0.0
60.93580336527202,0.0,0.0
79.55707782477984,0.0,0.0
62.41746566004878,0.0,0.0
74.98442674165328,0.0,0.0
