ASP_improve_time,ASP_improve_time,Astar_time,RRTStar_time
0.0023810863494873047,0.0,0.0
0.07212543487548828,0.0,0.0
0.002357006072998047,0.0,0.0
0.0009837150573730469,0.0,0.0
0.0005261898040771484,0.0,0.0
0.0975039005279541,0.0,0.0
0.009487390518188477,0.0,0.0
0.0006728172302246094,0.0,0.0
0.0001647472381591797,0.0,0.0
0.0013060569763183594,0.0,0.0
0.0010876655578613281,0.0,0.0
0.08541655540466309,0.0,0.0
0.08590078353881836,0.0,0.0
0.00030541419982910156,0.0,0.0
0.0007977485656738281,0.0,0.0
0.00029730796813964844,0.0,0.0
0.0002789497375488281,0.0,0.0
0.0008819103240966797,0.0,0.0
0.31855297088623047,0.0,0.0
0.5596139430999756,0.0,0.0
0.12764716148376465,0.0,0.0
0.03493785858154297,0.0,0.0
0.0005574226379394531,0.0,0.0
0.002675294876098633,0.0,0.0
