ASP_path_cost,Astar_path_cost,RRTStar_path_cost
16.55931826368569,18.242640687119287,47.34345301102989
