start,goal,range,ASP_improve_path_cost,Astar_path_cost,RRTStar_path_cost
"(0, 0)","(60, 60)",20,45.28372174547478,46.45584412271569,54.09596646586807
"(0, 0)","(60, 60)",20,34.64051320302425,31.45584412271572,31.641443049791746
"(0, 0)","(60, 60)",20,18.282984397879027,12.727922061357859,20.99876298027337
"(0, 0)","(60, 60)",20,23.25987065411858,25.142135623730955,30.38222031902725
"(0, 0)","(60, 60)",20,24.424596997815804,21.0,22.64201641057209
"(0, 0)","(60, 60)",20,59.548637875797205,41.0,45.887971590585686
"(0, 0)","(60, 60)",20,58.76691492333418,57.0,63.457847286667494
"(0, 0)","(60, 60)",20,46.90004524682794,42.14213562373094,50.421139606417064
