start,goal,range,ASP_improve_path_cost,Astar_path_cost,RRTStar_path_cost
"(0, 0)","(30, 40)",20,34.455412984732035,36.55634918610405,-10
"(0, 0)","(30, 40)",20,30.028048423393827,28.798989873223338,-10
"(0, 0)","(30, 40)",20,50.74221315438653,42.426406871192846,54.4057432930285
"(0, 0)","(30, 40)",20,39.14182759656286,41.4558441227157,42.512769239364786
"(0, 0)","(30, 40)",20,50.96854516854873,53.183766184073534,65.40880287562365
"(0, 0)","(30, 40)",20,20.93289327278962,18.72792206135786,73.25943924773165
"(0, 0)","(30, 40)",20,52.63921036529085,55.45584412271571,65.92814783790212
"(0, 0)","(30, 40)",20,41.535441529680384,44.11269837220807,50.89804930036474
"(0, 0)","(30, 40)",20,5.178357550430088,5.414213562373095,6.048895483132254
"(0, 0)","(30, 40)",20,90.25113530393018,95.01219330881972,111.24029255967478
"(0, 0)","(30, 40)",20,88.9650478827338,94.76955262170044,105.71987460680214
