ASP_time,Astar_time,RRTStar_time
0.03700113296508789,0.0029985904693603516,0.0
