start,goal,range,ASP_improve_time,Astar_time,RRTStar_time
"(0, 0)","(70, 20)",20,0.0033974647521972656,0.002900838851928711,0.00032711029052734375
"(0, 0)","(70, 20)",20,0.0002357959747314453,0.003922700881958008,0.0004744529724121094
"(0, 0)","(70, 20)",20,0.00025916099548339844,0.0001461505889892578,7.2479248046875e-05
"(0, 0)","(70, 20)",20,0.0010411739349365234,0.011311531066894531,0.0020563602447509766
"(0, 0)","(70, 20)",20,0.0008115768432617188,0.009016752243041992,0.0038950443267822266
"(0, 0)","(70, 20)",20,0.107818603515625,0.0801851749420166,0.0027663707733154297
"(0, 0)","(70, 20)",20,0.0029840469360351562,0.005159854888916016,0.0036118030548095703
"(0, 0)","(70, 20)",20,0.07454919815063477,0.0262298583984375,0.0023415088653564453
"(0, 0)","(70, 20)",20,0.1278061866760254,0.0029075145721435547,0.001598358154296875
"(0, 0)","(70, 20)",20,0.0920863151550293,0.005118131637573242,0.003931522369384766
"(0, 0)","(70, 20)",20,0.001003265380859375,0.00479435920715332,0.0006318092346191406
