start,goal,range,ASP_improve_time,Astar_time,RRTStar_time
"(0, 0)","(40, 40)",20,0.012360811233520508,0.0036475658416748047,0.0007326602935791016
"(0, 0)","(40, 40)",20,0.008599519729614258,0.0003082752227783203,-10
"(0, 0)","(40, 40)",20,0.016647815704345703,0.009681940078735352,0.0016415119171142578
"(0, 0)","(40, 40)",20,0.003815174102783203,0.0030727386474609375,0.0004744529724121094
"(0, 0)","(40, 40)",20,0.0006537437438964844,0.0029144287109375,0.0011649131774902344
