ASP_improve_path_cost,ASP_improve_path_cost,Astar_path_cost,RRTStar_path_cost
57.58577059342383,0.0,0.0
62.67208372193765,0.0,0.0
25.8631980176309,0.0,0.0
132.146003519334,0.0,0.0
14.33657636148282,0.0,0.0
141.8511167770783,0.0,0.0
34.45716885846153,0.0,0.0
