ASP_improve_time,ASP_improve_time,Astar_time,RRTStar_time
0.1020362377166748,0.0,0.0
0.012400150299072266,0.0,0.0
0.0006773471832275391,0.0,0.0
0.20262551307678223,0.0,0.0
0.007218122482299805,0.0,0.0
0.2110750675201416,0.0,0.0
0.004641532897949219,0.0,0.0
