ASP_improve_time,ASP_improve_time,Astar_time,RRTStar_time
0.022733688354492188,0.0,0.0
0.010214805603027344,0.0,0.0
0.0069539546966552734,0.0,0.0
0.0018374919891357422,0.0,0.0
0.00021600723266601562,0.0,0.0
0.007499217987060547,0.0,0.0
0.05332779884338379,0.0,0.0
0.0006282329559326172,0.0,0.0
0.05159139633178711,0.0,0.0
0.07734417915344238,0.0,0.0
0.024891138076782227,0.0,0.0
0.0024008750915527344,0.0,0.0
