ASP_improve_time,ASP_improve_time,Astar_time,RRTStar_time
0.019986867904663086,0.0,0.0
0.00933694839477539,0.0,0.0
0.007205486297607422,0.0,0.0
0.055402517318725586,0.0,0.0
0.0004153251647949219,0.0,0.0
0.00041103363037109375,0.0,0.0
0.001050710678100586,0.0,0.0
0.00022602081298828125,0.0,0.0
0.008430719375610352,0.0,0.0
0.056509971618652344,0.0,0.0
0.051245689392089844,0.0,0.0
0.04403328895568848,0.0,0.0
0.023868083953857422,0.0,0.0
