ASP_improve_time,ASP_improve_time,Astar_time,RRTStar_time
0.11149930953979492,0.0,0.0
0.013275861740112305,0.0,0.0
0.004304647445678711,0.0,0.0
0.060918569564819336,0.0,0.0
