start,goal,range,ASP_improve_time,Astar_time,RRTStar_time
"(0, 0)","(70, 90)",20,0.04951143264770508,0.0033721923828125,0.00040650367736816406
"(0, 0)","(70, 90)",20,0.0010366439819335938,0.0032837390899658203,0.0009751319885253906
