ASP_path_cost,Astar_path_cost,RRTStar_path_cost
49.22918193798672,41.597979746446654,47.36717204388388
20.885028768653846,22.55634918610405,30.963080187883282
