start,goal,range,ASP_improve_time,Astar_time,RRTStar_time
"(0, 0)","(40, 50)",20,0.01141500473022461,0.00037670135498046875,0.00026226043701171875
"(0, 0)","(40, 50)",20,0.0386052131652832,0.009893178939819336,-10
"(0, 0)","(40, 50)",20,0.005187511444091797,0.0023314952850341797,0.0007109642028808594
"(0, 0)","(40, 50)",20,0.003155231475830078,0.003293275833129883,0.000919342041015625
