ASP_time,Astar_time,RRTStar_time
0.0475614070892334,0.010391712188720703,0.0010330677032470703
0.002008676528930664,0.007514476776123047,0.0
0.0010008811950683594,0.003515958786010742,0.0011169910430908203
0.0005035400390625,0.007008552551269531,0.0
0.00098419189453125,0.0009593963623046875,0.0
0.0020999908447265625,0.00279998779296875,0.0005817413330078125
0.0035026073455810547,0.037232160568237305,0.007754325866699219
0.005518436431884766,0.011313199996948242,0.001172780990600586
