ASP_improve_path_cost,ASP_improve_path_cost,Astar_path_cost,RRTStar_path_cost
44.55493888215301,0.0,0.0
52.18055155471554,0.0,0.0
14.33657636148282,0.0,0.0
21.875423396126294,0.0,0.0
53.298210614964084,0.0,0.0
57.81407170394439,0.0,0.0
33.404312873960485,0.0,0.0
