ASP_improve_time,ASP_improve_time,Astar_time,RRTStar_time
0.10034751892089844,0.0,0.0
0.0019969940185546875,0.0,0.0
0.004099845886230469,0.0,0.0
0.012784004211425781,0.0,0.0
