ASP_improve_time,ASP_improve_time,Astar_time,RRTStar_time
0.11101222038269043,0.0,0.0
0.002846956253051758,0.0,0.0
0.007192134857177734,0.0,0.0
0.11159110069274902,0.0,0.0
0.11022496223449707,0.0,0.0
0.04533648490905762,0.0,0.0
0.02548503875732422,0.0,0.0
0.0009124279022216797,0.0,0.0
