start,goal,range,ASP_improve_path_cost,Astar_path_cost,RRTStar_path_cost
"(0, 0)","(80, 70)",20,46.44738120318941,45.21320343559641,60.689728808657065
"(0, 0)","(80, 70)",20,41.54466149638297,29.213203435596434,32.951857801887485
"(0, 0)","(80, 70)",20,21.556753180921213,16.899494936611667,25.89375712472288
"(0, 0)","(80, 70)",20,35.12131658713214,37.62741699796952,46.784821000200274
