start,goal,range,ASP_improve_time,Astar_time,RRTStar_time
"(0, 0)","(70, 20)",20,0.0023772716522216797,0.0024461746215820312,0.0004112720489501953
"(0, 0)","(70, 20)",20,0.000247955322265625,0.00307464599609375,0.00040531158447265625
"(0, 0)","(70, 20)",20,0.00026154518127441406,0.00010371208190917969,5.9604644775390625e-05
"(0, 0)","(70, 20)",20,0.00040721893310546875,0.009842634201049805,0.0028650760650634766
"(0, 0)","(70, 20)",20,0.0005414485931396484,0.0004246234893798828,0.0003647804260253906
"(0, 0)","(70, 20)",20,0.05759453773498535,0.05691099166870117,0.0027518272399902344
"(0, 0)","(70, 20)",20,0.0006165504455566406,0.0022363662719726562,0.0030393600463867188
"(0, 0)","(70, 20)",20,0.052770376205444336,0.02110600471496582,0.0030498504638671875
"(0, 0)","(70, 20)",20,0.07433247566223145,0.0020165443420410156,0.0014400482177734375
"(0, 0)","(70, 20)",20,0.07907652854919434,0.004518747329711914,0.0030059814453125
"(0, 0)","(70, 20)",20,0.0006556510925292969,0.0004763603210449219,0.00021195411682128906
