start,goal,range,ASP_improve_time,Astar_time,RRTStar_time
"(0, 0)","(30, 60)",20,0.010963916778564453,0.0007653236389160156,0.001383066177368164
