start,goal,range,ASP_improve_path_cost,Astar_path_cost,RRTStar_path_cost
"(0, 0)","(40, 50)",20,31.639444465017043,12.071067811865476,18.139935157698083
"(0, 0)","(40, 50)",20,48.66801860857791,42.48528137423857,-10
"(0, 0)","(40, 50)",20,24.082602960592276,24.213203435596434,29.54322366108004
"(0, 0)","(40, 50)",20,28.125762941208816,29.142135623730958,36.15244937502571
