start,goal,range,ASP_improve_time,Astar_time,RRTStar_time
"(0, 0)","(60, 60)",20,0.0025680065155029297,0.009165048599243164,0.0007097721099853516
"(0, 0)","(60, 60)",20,0.0011248588562011719,0.005255460739135742,0.0004603862762451172
"(0, 0)","(60, 60)",20,0.0007202625274658203,0.00026416778564453125,0.0004429817199707031
"(0, 0)","(60, 60)",20,0.0003032684326171875,0.004351139068603516,0.0007297992706298828
"(0, 0)","(60, 60)",20,0.0005285739898681641,0.0004980564117431641,0.0004825592041015625
"(0, 0)","(60, 60)",20,0.0010454654693603516,0.0013515949249267578,0.0017712116241455078
"(0, 0)","(60, 60)",20,0.0015225410461425781,0.0026879310607910156,0.0036034584045410156
"(0, 0)","(60, 60)",20,0.0014836788177490234,0.03707766532897949,0.0019245147705078125
