start,goal,range,ASP_improve_time,Astar_time,RRTStar_time
"(0, 0)","(40, 70)",20,0.02740001678466797,0.0012946128845214844,0.0009691715240478516
"(0, 0)","(40, 70)",20,0.010266542434692383,0.005418539047241211,0.0008242130279541016
"(0, 0)","(40, 70)",20,0.07108616828918457,0.009354591369628906,0.0010614395141601562
