ASP_improve_time,ASP_improve_time,Astar_time,RRTStar_time
0.19643473625183105,0.0,0.0
0.0006985664367675781,0.0,0.0
