ASP_improve_path_cost,ASP_improve_path_cost,Astar_path_cost,RRTStar_path_cost
57.58577059342383,0.0,0.0
62.67208372193765,0.0,0.0
25.8631980176309,0.0,0.0
64.94033182783794,0.0,0.0
