ASP_improve_time,ASP_improve_time,Astar_time,RRTStar_time
0.15331554412841797,0.0,0.0
0.013236284255981445,0.0,0.0
0.004683971405029297,0.0,0.0
0.0626986026763916,0.0,0.0
