ASP_path_cost,Astar_path_cost,RRTStar_path_cost
47.711242779948506,40.384776310850235,49.77670160564775
