start,goal,range,ASP_improve_path_cost,Astar_path_cost,RRTStar_path_cost
"(0, 0)","(80, 60)",20,28.888008732289492,29.213203435596434,-10
"(0, 0)","(80, 60)",20,22.13985029728864,18.48528137423857,82.45013357598351
"(0, 0)","(80, 60)",20,13.846947026127264,15.071067811865477,19.89462739433752
"(0, 0)","(80, 60)",20,36.703984552345844,29.414213562373096,61.39906086864059
"(0, 0)","(80, 60)",20,61.47399647556603,62.41421356237309,-10
