ASP_improve_time,ASP_improve_time,Astar_time,RRTStar_time
0.3952319622039795,0.0,0.0
0.004483461380004883,0.0,0.0
0.06512904167175293,0.0,0.0
