start,goal,range,ASP_improve_time,Astar_time,RRTStar_time
"(0, 0)","(80, 70)",20,0.014959335327148438,0.01154780387878418,0.0005648136138916016
"(0, 0)","(80, 70)",20,0.0024178028106689453,0.005520343780517578,0.0003161430358886719
"(0, 0)","(80, 70)",20,0.0006270408630371094,0.0019452571868896484,0.0005974769592285156
"(0, 0)","(80, 70)",20,0.008086681365966797,0.008150100708007812,0.001001119613647461
