start,goal,range,ASP_improve_time,Astar_time,RRTStar_time
"(0, 0)","(80, 60)",20,0.0182037353515625,0.004254579544067383,-10
"(0, 0)","(80, 60)",20,0.0022668838500976562,0.0032927989959716797,0.0019965171813964844
"(0, 0)","(80, 60)",20,0.00029158592224121094,0.0016672611236572266,0.0004570484161376953
"(0, 0)","(80, 60)",20,0.0010919570922851562,0.0023915767669677734,0.0020160675048828125
"(0, 0)","(80, 60)",20,0.0715179443359375,0.008573532104492188,-10
