ASP_improve_time,ASP_improve_time,Astar_time,RRTStar_time
0.10464715957641602,0.0,0.0
0.012744426727294922,0.0,0.0
0.004248380661010742,0.0,0.0
0.06454968452453613,0.0,0.0
