start,goal,range,ASP_improve_time,Astar_time,RRTStar_time
"(0, 0)","(60, 20)",20,0.011687278747558594,0.002705812454223633,0.0013129711151123047
"(0, 0)","(60, 20)",20,0.05714988708496094,0.019129037857055664,0.0012853145599365234
"(0, 0)","(60, 20)",20,0.07617807388305664,0.03832221031188965,0.0034503936767578125
"(0, 0)","(60, 20)",20,0.00032830238342285156,0.0033898353576660156,0.0010151863098144531
"(0, 0)","(60, 20)",20,0.11919403076171875,0.12615323066711426,0.006113290786743164
"(0, 0)","(60, 20)",20,0.1185615062713623,0.19406414031982422,0.015608072280883789
"(0, 0)","(60, 20)",20,0.0013387203216552734,0.005258798599243164,0.0007402896881103516
"(0, 0)","(60, 20)",20,0.17448163032531738,0.0069353580474853516,0.0017633438110351562
"(0, 0)","(60, 20)",20,0.05311012268066406,0.021448850631713867,0.0017435550689697266
"(0, 0)","(60, 20)",20,0.0003921985626220703,0.0023016929626464844,0.00016760826110839844
"(0, 0)","(60, 20)",20,0.0033452510833740234,0.01631450653076172,0.0029914379119873047
