start,goal,range,ASP_improve_path_cost,Astar_path_cost,RRTStar_path_cost
"(0, 0)","(90, 60)",20,74.57534210609384,71.65685424949238,83.0121394600575
"(0, 0)","(90, 60)",20,100.50591162021321,85.31370849898474,102.16734851555441
"(0, 0)","(90, 60)",20,28.1488992154646,21.798989873223338,35.368337551392244
"(0, 0)","(90, 60)",20,3.6141376015289395,3.82842712474619,3.6141376015289395
"(0, 0)","(90, 60)",20,48.60252629717468,50.071067811865476,-10
