ASP_improve_time,ASP_improve_time,Astar_time,RRTStar_time
0.10246038436889648,0.0,0.0
0.004449605941772461,0.0,0.0
0.10461926460266113,0.0,0.0
