ASP_time,Astar_time,RRTStar_time
0.0,0.0010035037994384766,0.0
0.0,0.0,0.0
0.0,0.007996797561645508,0.004323482513427734
0.26735925674438477,0.0300137996673584,0.00789499282836914
0.570629358291626,0.05712318420410156,0.020441055297851562
0.0,0.0,0.0
0.5783767700195312,0.08558988571166992,0.007996559143066406
0.39590001106262207,0.040151357650756836,0.028050661087036133
0.0039675235748291016,0.004008293151855469,0.0019998550415039062
