start,goal,range,ASP_improve_time,Astar_time,RRTStar_time
"(0, 0)","(90, 20)",20,0.0006022453308105469,0.0009560585021972656,0.00037741661071777344
