start,goal,range,ASP_improve_path_cost,Astar_path_cost,RRTStar_path_cost
"(0, 0)","(70, 90)",20,49.20443821172774,41.597979746446654,48.83230252250148
"(0, 0)","(70, 90)",20,20.88502876865385,22.55634918610405,26.542135931302386
