start,goal,range,ASP_improve_time,Astar_time,RRTStar_time
"(0, 0)","(20, 50)",20,0.0004639625549316406,0.0033621788024902344,0.0005745887756347656
