ASP_improve_time,ASP_improve_time,Astar_time,RRTStar_time
0.10015368461608887,0.0,0.0
0.012411832809448242,0.0,0.0
0.0007102489471435547,0.0,0.0
