start,goal,range,ASP_improve_path_cost,Astar_path_cost,RRTStar_path_cost
"(0, 0)","(50, 50)",20,32.71662395791027,33.48528137423857,-10
"(0, 0)","(50, 50)",20,37.917734355113474,3.0,2.937176404501621
"(0, 0)","(50, 50)",20,22.86911948102785,23.82842712474619,-10
"(0, 0)","(50, 50)",20,16.072075825211357,17.142135623730955,16.491224416725192
"(0, 0)","(50, 50)",20,4.734508819226692,5.414213562373095,4.734508819226692
"(0, 0)","(50, 50)",20,26.866278236882494,23.0,23.898737753867614
"(0, 0)","(50, 50)",20,55.37378380529239,58.76955262170046,62.94423880189554
"(0, 0)","(50, 50)",20,42.681532426868465,28.071067811865476,50.09047152390696
"(0, 0)","(50, 50)",20,35.74003033977183,37.798989873223334,37.93630138097762
"(0, 0)","(50, 50)",20,37.80517850058119,16.313708498984763,30.67270293052875
"(0, 0)","(50, 50)",20,26.575584790287124,27.213203435596434,33.05379768586656
