ASP_improve_time,ASP_improve_time,Astar_time,RRTStar_time
0.002428293228149414,0.0,0.0
0.00722503662109375,0.0,0.0
0.0014514923095703125,0.0,0.0
