ASP_improve_time,ASP_improve_time,Astar_time,RRTStar_time
0.02155756950378418,0.0,0.0
0.009556055068969727,0.0,0.0
0.007930755615234375,0.0,0.0
0.05028986930847168,0.0,0.0
0.0012850761413574219,0.0,0.0
0.07167792320251465,0.0,0.0
0.05698800086975098,0.0,0.0
0.021001577377319336,0.0,0.0
0.1125798225402832,0.0,0.0
0.0013415813446044922,0.0,0.0
0.006984233856201172,0.0,0.0
0.0008716583251953125,0.0,0.0
