start,goal,range,ASP_improve_time,Astar_time,RRTStar_time
"(0, 0)","(70, 50)",20,0.0007262229919433594,0.0006735324859619141,0.0006687641143798828
"(0, 0)","(70, 50)",20,0.03295540809631348,0.00867152214050293,0.001415252685546875
"(0, 0)","(70, 50)",20,0.0005750656127929688,0.0017349720001220703,0.0005095005035400391
"(0, 0)","(70, 50)",20,0.000278472900390625,0.002933502197265625,0.0005309581756591797
"(0, 0)","(70, 50)",20,0.0004470348358154297,0.0005681514739990234,0.000982522964477539
"(0, 0)","(70, 50)",20,0.12253952026367188,0.0326685905456543,0.002993345260620117
"(0, 0)","(70, 50)",20,0.04126906394958496,0.01042485237121582,0.0028247833251953125
"(0, 0)","(70, 50)",20,0.0007655620574951172,0.0015249252319335938,0.0010690689086914062
"(0, 0)","(70, 50)",20,0.14751029014587402,0.05332779884338379,0.006770133972167969
"(0, 0)","(70, 50)",20,0.006577968597412109,0.005861759185791016,0.0003447532653808594
