ASP_improve_time,ASP_improve_time,Astar_time,RRTStar_time
0.09140992164611816,0.0,0.0
0.00405573844909668,0.0,0.0
0.05699777603149414,0.0,0.0
