ASP_improve_path_cost,ASP_improve_path_cost,Astar_path_cost,RRTStar_path_cost
57.58577059342383,0.0,0.0
62.67208372193765,0.0,0.0
61.76554952589437,0.0,0.0
37.49798266688212,0.0,0.0
