start,goal,range,[our]_reached_goal_global_pick,[our]_path_cost_global_pick,[our]_reached_goal_neighbor_pick,[our]_path_cost_neighbor_pick,[RRTX]_reached_goal,[RRTX]_path_cost
"(0, 0)","(30, 40)",10,True,62.54146514858863,True,62.54146514858863,0,0
"(0, 0)","(30, 40)",15,True,51.76712876696009,True,51.76712876696009,0,0
"(0, 0)","(30, 40)",20,False,2000.8400415403016,False,1718.6074935800145,0,0
"(0, 0)","(30, 40)",25,False,3892.8752867645235,False,3287.1224357893734,0,0
"(0, 0)","(30, 40)",30,True,161.79076452998245,True,717.751264465789,0,0
