start,goal,range,[our]_reached_goal_global_pick,[our]_path_cost_global_pick,[our]_reached_goal_neighbor_pick,[our]_path_cost_neighbor_pick,[RRTX]_reached_goal,[RRTX]_path_cost
"(0, 0)","(30, 60)",10,True,211.62420488903388,True,211.62420488903388,0,0
"(0, 0)","(30, 60)",15,True,140.26306916197987,True,140.26306916197987,0,0
"(0, 0)","(30, 60)",20,True,200.7163613456682,True,200.7163613456682,0,0
"(0, 0)","(30, 60)",25,True,127.96604808302236,True,127.96604808302236,0,0
"(0, 0)","(30, 60)",30,True,101.17801666353822,True,101.17801666353822,0,0
