start,goal,range,[our]_reached_goal_global_pick_improved,[our]_path_cost_global_pick_improved,[our]_reached_goal_neighbor_pick_improved,[our]_path_cost_neighbor_pick_improved,[RRTX]_reached_goal,[RRTX]_path_cost
"(0, 0)","(30, 60)",10,True,211.17454097329895,True,211.17454097329895,True,183.87679368227927
"(0, 0)","(30, 60)",15,True,140.25473848157864,True,140.25473848157864,True,140.3914027305317
"(0, 0)","(30, 60)",20,True,166.23285356379947,True,166.23285356379947,True,113.24026870066376
"(0, 0)","(30, 60)",25,True,127.96604808302236,True,127.96604808302236,True,93.76705410754558
"(0, 0)","(30, 60)",30,True,101.17801666353822,True,101.17801666353822,True,107.38749323124493
