start,goal,range,[our]_reached_goal_global_pick,[our]_path_cost_global_pick,[our]_reached_goal_neighbor_pick,[our]_path_cost_neighbor_pick,[RRTX]_reached_goal,[RRTX]_path_cost
"(0, 0)","(50, 50)",10,False,913.6425822044508,True,548.7615029941638,0,0
"(0, 0)","(50, 50)",15,True,1213.8787491947464,True,769.2666040150177,0,0
"(0, 0)","(50, 50)",20,True,1683.6815929336738,True,619.0838875806438,0,0
"(0, 0)","(50, 50)",25,True,1032.0283500992682,False,4238.054915467511,0,0
"(0, 0)","(50, 50)",30,True,1060.4936456644732,True,1271.1450282787584,0,0
