start,goal,range,[our]_reached_goal_global_pick_improved,[our]_path_cost_global_pick_improved,[our]_reached_goal_neighbor_pick_improved,[our]_path_cost_neighbor_pick_improved,[RRTX]_reached_goal,[RRTX]_path_cost
"(0, 0)","(60, 20)",10,False,1420.2596765810804,False,1352.18625896995,True,644.9797713208201
"(0, 0)","(60, 20)",15,False,2427.4555982052993,False,1724.1993735243855,True,400.44938182750366
"(0, 0)","(60, 20)",20,True,2843.414870030151,True,583.8359834958128,True,307.0933144500746
"(0, 0)","(60, 20)",25,False,2781.5844915664447,False,2676.9506380965104,True,101.30213897765687
"(0, 0)","(60, 20)",30,False,2864.901065202623,False,2904.7780968362395,True,307.69126898285356
