start,goal,range,[our]_reached_goal_global_pick,[our]_path_cost_global_pick,[our]_reached_goal_neighbor_pick,[our]_path_cost_neighbor_pick,[RRTX]_reached_goal,[RRTX]_path_cost
"(0, 0)","(60, 60)",10,True,505.4577688471644,True,556.2890489794954,0,0
"(0, 0)","(60, 60)",15,True,723.1510894418238,True,410.34598750639964,0,0
"(0, 0)","(60, 60)",20,True,605.716186271184,True,425.04425123297483,0,0
"(0, 0)","(60, 60)",25,True,456.1090035558229,True,456.1090035558229,0,0
"(0, 0)","(60, 60)",30,True,496.5201359400899,True,311.19296000531546,0,0
