start,goal,range,[our]_reached_goal_global_pick_improved,[our]_path_cost_global_pick_improved,[our]_reached_goal_neighbor_pick_improved,[our]_path_cost_neighbor_pick_improved,[RRTX]_reached_goal,[RRTX]_path_cost
"(0, 0)","(60, 30)",10,False,1457.6661010006417,False,1086.2343687058549,False,504.72812430695916
"(0, 0)","(60, 30)",15,False,1793.4824317982084,False,1559.7291304721446,False,532.9219694835617
"(0, 0)","(60, 30)",20,True,1895.7249573923775,True,1010.8400435803725,True,323.717928733526
"(0, 0)","(60, 30)",25,True,1581.6622651745006,False,2953.250747091212,True,302.7106336075225
"(0, 0)","(60, 30)",30,False,2881.968459123485,False,2942.824206994409,True,291.9762631780973
