start,goal,range,[our]_reached_goal_global_pick,[our]_path_cost_global_pick,[our]_reached_goal_neighbor_pick,[our]_path_cost_neighbor_pick,[RRTX]_reached_goal,[RRTX]_path_cost
"(0, 0)","(70, 90)",10,True,430.52216766381736,True,373.4899032578229,0,0
"(0, 0)","(70, 90)",15,True,387.09125654029236,True,387.09125654029236,0,0
"(0, 0)","(70, 90)",20,True,275.3038179019313,True,275.3038179019313,0,0
"(0, 0)","(70, 90)",25,True,301.68376060167776,True,301.68376060167776,0,0
"(0, 0)","(70, 90)",30,True,343.5366105952998,True,313.4896459621226,0,0
