start,goal,range,[our]_reached_goal_global_pick,[our]_path_cost_global_pick,[our]_reached_goal_neighbor_pick,[our]_path_cost_neighbor_pick,[RRTX]_reached_goal,[RRTX]_path_cost
"(0, 0)","(70, 70)",10,True,475.29217788877787,True,507.4929913633336,0,0
"(0, 0)","(70, 70)",15,True,521.943735218564,True,436.452723759617,0,0
"(0, 0)","(70, 70)",20,True,1006.6460750076388,True,1026.1385090310243,0,0
"(0, 0)","(70, 70)",25,True,496.9826191847988,True,379.64042277569166,0,0
"(0, 0)","(70, 70)",30,False,3758.7581662549383,False,2547.6953495341168,0,0
