start,goal,range,[our]_reached_goal_global_pick_improved,[our]_path_cost_global_pick_improved,[our]_reached_goal_neighbor_pick_improved,[our]_path_cost_neighbor_pick_improved,[RRTX]_reached_goal,[RRTX]_path_cost
"(0, 0)","(40, 50)",10,True,451.56704056283985,True,463.1623068900447,True,211.10062289242424
"(0, 0)","(40, 50)",15,True,436.2572408481672,True,503.8154577867808,True,594.1710957335741
"(0, 0)","(40, 50)",20,True,257.6032186396266,True,257.6032186396266,False,445.7823711143733
"(0, 0)","(40, 50)",25,True,121.26495322745998,True,121.26495322745998,True,163.80153034265336
"(0, 0)","(40, 50)",30,True,197.4099323133001,True,777.0622257081637,True,293.54843597612876
