start,goal,range,[our]_reached_goal_global_pick_improved,[our]_path_cost_global_pick_improved,[our]_reached_goal_neighbor_pick_improved,[our]_path_cost_neighbor_pick_improved,[RRTX]_reached_goal,[RRTX]_path_cost
"(0, 0)","(60, 50)",10,False,1176.2518175888902,True,561.6938939460084,True,302.55402199844485
"(0, 0)","(60, 50)",15,True,723.9171078710982,True,475.25224526577676,True,439.88471947637174
"(0, 0)","(60, 50)",20,True,1501.7712909150036,True,569.5768995018651,True,296.5396509895567
"(0, 0)","(60, 50)",25,False,3212.565019783878,False,3531.7711350371287,True,284.28927847872507
"(0, 0)","(60, 50)",30,False,3130.196474719035,True,362.52274675277545,True,253.09303832264004
